{"epoch": 10, "val_loss": 0.20990891630450884, "val_accuracy": 0.9104938507080078, "val_f1_score": 0.9515669515669516, "_timestamp": 1719093240.4460523, "_runtime": 55.4789662361145, "_step": 9, "_wandb": {"runtime": 55}}