{"epoch": 10, "train_loss": 0.17978411788741747, "train_accuracy": 0.9166666666666666, "train_f1_score": 0.9541547277936964, "val_loss": 0.2185752280056477, "val_accuracy": 0.9066357612609863, "val_f1_score": 0.9515669515669516, "_timestamp": 1719092397.207517, "_runtime": 54.986960887908936, "_step": 9, "_wandb": {"runtime": 54}}