{"epoch": 10, "train_loss": 0.1958523044983546, "train_accuracy": 0.9192708333333334, "train_f1_score": 0.9552669552669552, "_timestamp": 1719092716.1525264, "_runtime": 55.56517028808594, "_step": 19, "val_loss": 0.22527129451433814, "val_accuracy": 0.8981481393178304, "val_f1_score": 0.9464788732394367, "_wandb": {"runtime": 55}}