{"epoch": 10, "val_loss": 0.22268250832955044, "val_accuracy": 0.8981481393178304, "val_f1_score": 0.9458689458689459, "_timestamp": 1719092929.4144328, "_runtime": 54.524608850479126, "_step": 9, "_wandb": {"runtime": 54}}